,zlib-1.2.11-owbi74rknkpaxlwpgbgokhgk75yt2poj/lib/libz.so.1.2.11,zlib-1.2.8-2p66aua2qlpdqe2ohifu3snptbn6a5ks/lib/libz.so.1.2.8,zlib-1.2.11-oxbegprx4yknw4ugbowjkqkxs3ez5xsf/lib/libz.so.1.2.11,zlib-1.2.8-ptc5in5sjeqpsllo65hdkqnmpfsxmqrs/lib/libz.so.1.2.8
curl-7.76.0-mnijicyltjyp7giswbeysyspqqkaasz7/bin/curl,0,0,1,1
curl-7.54.0-5puewibprvj4abcgulq2bjdll3mu2j53/bin/curl,0,0,1,1
curl-7.50.2-rnxqv3s3no7xa6mibdqwr35ep5mxs5c7/bin/curl,0,0,1,1
curl-7.53.1-izj6igvuxx5ermeg7kddff2uuoxbiitl/bin/curl,0,0,1,1
curl-7.56.0-rahkuz6wctb6v6jwa35xrh63upy6e3o2/bin/curl,0,0,1,1
curl-7.72.0-h6esap4emwjpglwyhcxbra37b6gzht2w/bin/curl,0,0,1,1
curl-7.52.1-lqyzqnyc6ohl4pcunpssqv44c7frcyb6/bin/curl,0,0,1,1
curl-7.73.0-hdwbsa7vhhoau5bslkjgusvz4o5th773/bin/curl,0,0,1,1
curl-7.76.1-wv4p75aymuocwjhqyirkiujykezzspka/bin/curl,0,0,1,1
curl-7.76.0-qpd23g6e6tsa377vpeve2cermsvkps76/bin/curl,0,0,1,1
curl-7.59.0-n3hdcwbl42eicwi42cjo4rohqhasq34a/bin/curl,0,0,1,1
curl-7.77.0-ogkih5suykcaozm67nu6cc2lxqqc6q53/bin/curl,0,0,1,1
curl-7.50.2-4xd2rlqb7iy2bo6beuodfyztqui5r6l2/bin/curl,0,0,1,1
curl-7.77.0-sdoa5nrgd45ajlomzr2bzx6vtb5d23ne/bin/curl,0,0,1,1
curl-7.73.0-azyszcznbczaxao2ypbx43whly4wsnb6/bin/curl,0,0,1,1
curl-7.56.0-zh2ehdth6njntpwokmmlh5ty4fwzoapb/bin/curl,0,0,1,1
curl-7.78.0-bodrdegohibpwhwqwi2yplmzp7xsww7w/bin/curl,0,0,1,1
curl-7.49.1-vz4d6ayj55oo6jtrohvfvecdzdwyypik/bin/curl,0,0,1,1
curl-7.52.1-dakdk7jnfzvamsmaw7mrjru2ejvjiafg/bin/curl,0,0,1,1
curl-7.71.0-f43wienntj5sv6pvnxgrkooezglqprx7/bin/curl,0,0,1,1
curl-7.64.0-r5noicp2aon355fictpatjhcw62zf7bg/bin/curl,0,0,1,1
curl-7.75.0-rzdvhjriebrfhexbsschdfm5iveehrwp/bin/curl,0,0,1,1
curl-7.74.0-bp3l73b5zoqvjaiviuwcdbs2ghva4tgm/bin/curl,0,0,1,1
curl-7.53.1-3flpobwtxmdvqy3o4lh3n4bcu6e64rvx/bin/curl,0,0,1,1
curl-7.64.0-t3lqdbu7shhymy3edu4w5ygnt4efbwvm/bin/curl,0,0,1,1
curl-7.79.0-ywm7yncnjqmk5qkscu7evifenygwir7k/bin/curl,0,0,1,1
curl-7.54.0-oxlwb67w2ou2ukr6ux4mhgbgrrr5ei6h/bin/curl,0,0,1,1
curl-7.68.0-5rbgdfht75q2bkqt4byoq3cq3w5oeuxm/bin/curl,0,0,1,1
curl-7.59.0-dybjukpjtcju7wknmuohox7tmfeh7mpg/bin/curl,0,0,1,1
curl-7.68.0-szyrkmcwsiq56nzqz6yew4nzi3ooywr5/bin/curl,0,0,1,1
curl-7.60.0-yn4mtd5xsvfw46xce4gwiiyfgfpakvqf/bin/curl,0,0,1,1
curl-7.60.0-5amt6w62zl3bhs24eanrncmvzrfitljh/bin/curl,0,0,1,1
curl-7.50.3-haiazseqrzpvxqcygblwx3mb53775ych/bin/curl,1,1,0,0
curl-7.76.1-zjfzzsg7zknmri6jekmewsgdoaavbjju/bin/curl,0,0,1,1
curl-7.50.3-gb5dn3cvzr65a633y7fune3alvrooz6f/bin/curl,1,0,0,1
curl-7.78.0-xri33vtve7ayha5enpk4ox2psmp4eylz/bin/curl,0,0,1,1
curl-7.50.1-xuct7sgmgotsplqrsybnj46qbmcfjmhf/bin/curl,0,0,1,1
curl-7.74.0-27iukmsvfdlwb5e4lu2ufnvetg7xjlzm/bin/curl,0,0,1,1
curl-7.79.0-j36iww6xj4ljw7f6iufjazmps6wkwk72/bin/curl,0,0,1,1
curl-7.72.0-xhldtqy4ih7en4echfsayc2nxhcnerz5/bin/curl,0,0,1,1
curl-7.50.1-kc2fuga4iuomwnorwlnzyxp4fsqkm5kz/bin/curl,0,1,1,0
curl-7.63.0-saasslhjpdpnznr7vntxr6hqf5v3dhms/bin/curl,0,0,1,1
curl-7.71.0-4l3s6qkzly4axah7awqcoggzvs4ykobm/bin/curl,0,0,1,1
curl-7.75.0-kdunlb3fqxqfrna36rxunvqjaznvkgpb/bin/curl,0,0,1,1
curl-7.49.1-mcreuzbkrvbxp233ij4t4krd6yooig22/bin/curl,0,0,1,1
curl-7.63.0-edpna2avyajajruardu6aopecj4ftcsp/bin/curl,0,0,1,1
